{
    "311": {
        "number": 311,
        "value": 0.8027248645,
        "duration": "00:08",
        "alpha": 0.5445891865,
        "binarize": 0.9789437828,
        "fit_prior": true,
        "_alpha": 0.5445891865,
        "_binarize": 0.9789437828,
        "_class_prior": null,
        "_fit_prior": true,
        "_force_alpha": true,
        "_pruned": null
    }
}