{
    "61": {
        "number": 61,
        "value": 0.8266028183,
        "duration": "00:23",
        "alpha": 0.3712621197,
        "binarize": 0.6601096152,
        "fit_prior": true,
        "_alpha": 0.3712621197,
        "_binarize": 0.6601096152,
        "_class_prior": null,
        "_fit_prior": true,
        "_force_alpha": true,
        "_pruned": null
    }
}