{
    "185": {
        "number": 185,
        "value": 0.7999994126,
        "duration": "00:24",
        "alpha": 0.0989667213,
        "binarize": 0.8858347645,
        "fit_prior": false,
        "_alpha": 0.0989667213,
        "_binarize": 0.8858347645,
        "_class_prior": null,
        "_fit_prior": false,
        "_force_alpha": true,
        "_pruned": null
    }
}