{
    "204": {
        "number": 204,
        "value": 0.5175705005,
        "duration": "00:01",
        "alpha": 0.2543554104,
        "binarize": 0.0002718696,
        "fit_prior": true,
        "_alpha": 0.2543554104,
        "_binarize": 0.0002718696,
        "_class_prior": null,
        "_fit_prior": true,
        "_force_alpha": true,
        "_pruned": null
    }
}