{
    "460": {
        "number": 460,
        "value": 0.5625990473,
        "duration": "00:05",
        "alpha": 0.0001272186,
        "binarize": 0.8112877807,
        "fit_prior": true,
        "_alpha": 0.0001272186,
        "_binarize": 0.8112877807,
        "_class_prior": null,
        "_fit_prior": true,
        "_force_alpha": true,
        "_pruned": null
    }
}