{
    "431": {
        "number": 431,
        "value": 0.5260597837,
        "duration": "00:02",
        "alpha": 0.0139103697,
        "binarize": 0.9877701306,
        "fit_prior": false,
        "_alpha": 0.0139103697,
        "_binarize": 0.9877701306,
        "_class_prior": null,
        "_fit_prior": false,
        "_force_alpha": true,
        "_pruned": null
    }
}