{
    "264": {
        "number": 264,
        "value": 0.5605655313,
        "duration": "00:01",
        "alpha": 0.0630046556,
        "binarize": 0.9596290054,
        "fit_prior": true,
        "_alpha": 0.0630046556,
        "_binarize": 0.9596290054,
        "_class_prior": null,
        "_fit_prior": true,
        "_force_alpha": true,
        "_pruned": null
    }
}