{
    "355": {
        "number": 355,
        "value": 0.5717889302,
        "duration": "00:01",
        "alpha": 0.0009018542,
        "binarize": 0.9169207604,
        "fit_prior": false,
        "_alpha": 0.0009018542,
        "_binarize": 0.9169207604,
        "_class_prior": null,
        "_fit_prior": false,
        "_force_alpha": true,
        "_pruned": null
    }
}