{
    "14": {
        "number": 14,
        "value": 0.5212727684,
        "duration": "00:01",
        "shrinkage": 0.7433292132,
        "top_reg_param": 0.170549153,
        "top_solver": "eigen",
        "top_tol": 0.0060968592,
        "_covariance_estimator": null,
        "_priors": null,
        "_pruned": null,
        "_reg_param": 0.170549153,
        "_shrinkage": 0.7433292132,
        "_solver": "eigen",
        "_store_covariance": false,
        "_tol": 0.0060968592
    }
}