{
    "202": {
        "number": 202,
        "value": 0.5674657997,
        "duration": "00:03",
        "shrinkage": 0.8460973083,
        "top_reg_param": 0.3075843553,
        "top_solver": "eigen",
        "top_tol": 0.0621082649,
        "_covariance_estimator": null,
        "_priors": null,
        "_pruned": null,
        "_reg_param": 0.3075843553,
        "_shrinkage": 0.8460973083,
        "_solver": "eigen",
        "_store_covariance": false,
        "_tol": 0.0621082649
    }
}