{
    "216": {
        "number": 216,
        "value": 0.5513202876,
        "duration": "00:51",
        "alpha": 0.0271576494,
        "binarize": 0.8650797055,
        "fit_prior": true,
        "_alpha": 0.0271576494,
        "_binarize": 0.8650797055,
        "_class_prior": null,
        "_fit_prior": true,
        "_force_alpha": "warn",
        "_pruned": null
    }
}