{
    "263": {
        "number": 263,
        "value": 0.5838051478,
        "duration": "01:43",
        "alpha": 0.0040132654,
        "binarize": 0.8700534461,
        "fit_prior": false,
        "_alpha": 0.0040132654,
        "_binarize": 0.8700534461,
        "_class_prior": null,
        "_fit_prior": false,
        "_force_alpha": "warn",
        "_pruned": null
    }
}