{
    "226": {
        "number": 226,
        "value": 0.5488998338,
        "duration": "00:49",
        "alpha": 0.9909346689,
        "binarize": 0.0005329896,
        "fit_prior": true,
        "_alpha": 0.9909346689,
        "_binarize": 0.0005329896,
        "_class_prior": null,
        "_fit_prior": true,
        "_force_alpha": "warn",
        "_pruned": null
    }
}