{
    "410": {
        "number": 410,
        "value": 0.5649400577,
        "duration": "01:24",
        "alpha": 0.1022692209,
        "binarize": 0.9691489047,
        "fit_prior": false,
        "_alpha": 0.1022692209,
        "_binarize": 0.9691489047,
        "_class_prior": null,
        "_fit_prior": false,
        "_force_alpha": "warn",
        "_pruned": null
    }
}