{
    "276": {
        "number": 276,
        "value": 0.5442054779,
        "duration": "02:28",
        "reg_param": 0.180529547,
        "tol": 0.0330541039,
        "_priors": null,
        "_pruned": null,
        "_reg_param": 0.180529547,
        "_store_covariance": false,
        "_tol": 0.0330541039
    }
}