{
    "346": {
        "number": 346,
        "value": 0.5327136455,
        "duration": "01:04",
        "reg_param": 0.3638808751,
        "tol": 0.0002317322,
        "_priors": null,
        "_pruned": null,
        "_reg_param": 0.3638808751,
        "_store_covariance": false,
        "_tol": 0.0002317322
    }
}