{
    "108": {
        "number": 108,
        "value": 0.5312487151,
        "duration": "02:25",
        "reg_param": 0.2085446588,
        "tol": 1.78184e-05,
        "_priors": null,
        "_pruned": null,
        "_reg_param": 0.2085446588,
        "_store_covariance": false,
        "_tol": 1.78184e-05
    }
}