{
    "498": {
        "number": 498,
        "value": 0.5338493483,
        "duration": "01:10",
        "reg_param": 0.1609069608,
        "tol": 0.0350651845,
        "_priors": null,
        "_pruned": null,
        "_reg_param": 0.1609069608,
        "_store_covariance": false,
        "_tol": 0.0350651845
    }
}