{
    "452": {
        "number": 452,
        "value": 0.5225349052,
        "duration": "02:27",
        "reg_param": 0.324821847,
        "tol": 0.0004895131,
        "_priors": null,
        "_pruned": null,
        "_reg_param": 0.324821847,
        "_store_covariance": false,
        "_tol": 0.0004895131
    }
}