{
    "302": {
        "number": 302,
        "value": 0.5314161189,
        "duration": "01:35",
        "reg_param": 0.1349290435,
        "tol": 0.0001264254,
        "_priors": null,
        "_pruned": null,
        "_reg_param": 0.1349290435,
        "_store_covariance": false,
        "_tol": 0.0001264254
    }
}